Instruction,True Value,Prediction
"# DM : Patient had issues with o/n low blood sugars , [ * * Last Name ( un ) * * ] was consulted , we dialed back his PM humalog and lantus and his blood sugar control optimized .","{'Drug': ['humalog', 'lantus'], 'Duration': [], 'Dosage': [], 'Frequency': ['PM'], 'Strength': [], 'Form': [], 'Route': [], 'Reason': ['DM'], 'ADE': []}","{'Drug': ['humalog', 'lantus'], 'Duration': [], 'Dosage': [], 'Frequency': ['PM'], 'Strength': [], 'Form': [], 'Route': [], 'Reason': [], 'ADE': ['issues with o/n low blood sugars']}"
Ultimately was transitioned from fentanyl to methadone and then weaned on seroquel .,"{'Drug': ['fentanyl', 'methadone', 'seroquel'], 'Duration': [], 'Dosage': [], 'Frequency': [], 'Strength': [], 'Form': [], 'Route': [], 'Reason': [], 'ADE': []}","{'Drug': ['fentanyl', 'methadone', 'seroquel'], 'Duration': [], 'Dosage': [], 'Frequency': [], 'Strength': [], 'Form': [], 'Route': [], 'Reason': [], 'ADE': []}"
"Hypotension : On [ * * 10 - 11 * * ] , the patient developed hypotension to 80/40's .","{'Drug': [], 'Duration': [], 'Dosage': [], 'Frequency': [], 'Strength': [], 'Form': [], 'Route': [], 'Reason': [], 'ADE': ['Hypotension']}","{'Drug': [], 'Duration': [], 'Dosage': [], 'Frequency': [], 'Strength': [], 'Form': [], 'Route': [], 'Reason': [], 'ADE': []}"
650 mg PO Q4H prn,"{'Drug': [], 'Duration': [], 'Dosage': [], 'Frequency': ['Q4H prn'], 'Strength': ['650 mg'], 'Form': [], 'Route': ['PO'], 'Reason': [], 'ADE': []}","{'Drug': ['650 mg'], 'Duration': [], 'Dosage': [], 'Frequency': ['Q4H prn'], 'Strength': ['650 mg'], 'Form': [], 'Route': ['PO'], 'Reason': [], 'ADE': []}"
Ipratropium Bromide 0.02 % Solution [ * * Hospital1 * * ] : One ( 1 ) neb Inhalation Q6H ( every 6 hours ) as needed .,"{'Drug': ['Ipratropium Bromide'], 'Duration': [], 'Dosage': ['One ( 1 )'], 'Frequency': ['Q6H ( every 6 hours ) as needed'], 'Strength': ['0.02 %'], 'Form': ['Solution', 'neb'], 'Route': ['Inhalation'], 'Reason': [], 'ADE': []}",
Cholestyramine - Sucrose 4 gram Packet Sig : One ( 1 ) Packet PO DAILY ( Daily ) .,"{'Drug': ['Cholestyramine - Sucrose'], 'Duration': [], 'Dosage': ['One ( 1 )'], 'Frequency': ['DAILY ( Daily )'], 'Strength': ['4 gram'], 'Form': ['Packet', 'Packet'], 'Route': ['PO'], 'Reason': [], 'ADE': []}",
A Scopolamine patch was placed and pt was admitted to the MICU on [ * * 2187 - 8 - 8 * * ] for more intensive monitoring and nursing care .,"{'Drug': ['Scopolamine'], 'Duration': [], 'Dosage': [], 'Frequency': [], 'Strength': [], 'Form': ['patch'], 'Route': [], 'Reason': [], 'ADE': []}","{'Drug': ['Scopolamine'], 'Duration': [], 'Dosage': ['patch'], 'Frequency': [], 'Strength': [], 'Form': ['patch'], 'Route': [], 'Reason': [], 'ADE': []}"
Disp : * 30 Tablet ( s ) * Refills : * 2 * 10 .,"{'Drug': [], 'Duration': [], 'Dosage': [], 'Frequency': [], 'Strength': [], 'Form': ['Tablet'], 'Route': [], 'Reason': [], 'ADE': []}","{'Drug': [], 'Duration': [], 'Dosage': [], 'Frequency': [], 'Strength': [], 'Form': [], 'Route': [], 'Reason': [], 'ADE': []}"
", 2 liters of O2 at home , Xanax .25 q.h.s .","{'Drug': ['O2', 'Xanax'], 'Duration': [], 'Dosage': ['2 liters'], 'Frequency': ['q.h.s .'], 'Strength': ['.25'], 'Form': [], 'Route': [], 'Reason': [], 'ADE': []}","{'Drug': ['Xanax'], 'Duration': [], 'Dosage': ['q.h.s'], 'Frequency': ['q.h.s'], 'Strength': ['.25'], 'Form': [], 'Route': [], 'Reason': [], 'ADE': []}"
Thiamine HCl 100 mg Tablet Sig : One ( 1 ) Tablet PO DAILY ( Daily ) .,"{'Drug': ['Thiamine HCl'], 'Duration': [], 'Dosage': ['One ( 1 )'], 'Frequency': ['DAILY'], 'Strength': ['100 mg'], 'Form': ['Tablet', 'Tablet'], 'Route': ['PO'], 'Reason': [], 'ADE': []}",
Lisinopril 20 mg Tablet Sig : Two ( 2 ) Tablet PO once a day : Only on HD days .,"{'Drug': ['Lisinopril'], 'Duration': [], 'Dosage': ['Two ( 2 )'], 'Frequency': ['once a day'], 'Strength': ['20 mg'], 'Form': ['Tablet', 'Tablet'], 'Route': ['PO'], 'Reason': [], 'ADE': []}",
Triamcinolone Acetonide 0.025 % Ointment 1 Appl TP DAILY rash,"{'Drug': ['Triamcinolone Acetonide'], 'Duration': [], 'Dosage': ['1'], 'Frequency': ['DAILY'], 'Strength': ['0.025'], 'Form': ['Ointment', 'Appl'], 'Route': ['TP'], 'Reason': ['rash'], 'ADE': []}",
"Moves all extremities x 4 purposefully , equally , when off sedation .","{'Drug': ['sedation'], 'Duration': [], 'Dosage': [], 'Frequency': [], 'Strength': [], 'Form': [], 'Route': [], 'Reason': [], 'ADE': []}","{'Drug': [], 'Duration': [], 'Dosage': [], 'Frequency': [], 'Strength': [], 'Form': [], 'Route': [], 'Reason': [], 'ADE': []}"
Aspiri n 325 mg Tablet Sig : One ( 1 ) Tablet PO DAILY ( Daily ) .,"{'Drug': ['Aspiri n'], 'Duration': [], 'Dosage': ['One ( 1 )'], 'Frequency': ['DAILY ( Daily )'], 'Strength': ['325 mg'], 'Form': ['Tablet', 'Tablet'], 'Route': ['PO'], 'Reason': [], 'ADE': []}",
She has been maintained on ranitidine 150 mg b.i.d .,"{'Drug': ['ranitidine'], 'Duration': [], 'Dosage': [], 'Frequency': ['b.i.d'], 'Strength': ['150 mg'], 'Form': [], 'Route': [], 'Reason': [], 'ADE': []}","{'Drug': ['ranitidine'], 'Duration': [], 'Dosage': [], 'Frequency': ['b.i.d'], 'Strength': ['150 mg'], 'Form': [], 'Route': [], 'Reason': [], 'ADE': []}"
Outpatient Lab Work Please check weekly TSH while on Amiodarone,"{'Drug': ['Amiodarone'], 'Duration': [], 'Dosage': [], 'Frequency': [], 'Strength': [], 'Form': [], 'Route': [], 'Reason': [], 'ADE': []}","{'Drug': ['Amiodarone'], 'Duration': [], 'Dosage': [], 'Frequency': [], 'Strength': [], 'Form': [], 'Route': [], 'Reason': [], 'ADE': []}"
You were started on a blood thinner for this .,"{'Drug': ['blood thinner'], 'Duration': [], 'Dosage': [], 'Frequency': [], 'Strength': [], 'Form': [], 'Route': [], 'Reason': [], 'ADE': []}","{'Drug': ['blood thinner'], 'Duration': [], 'Dosage': [], 'Frequency': [], 'Strength': [], 'Form': [], 'Route': [], 'Reason': ['this'], 'ADE': []}"
"GI bleed : Likely due to known severe diverticulosis , exacerbated by supratherapeutic INR from coumadin , as well as being on aspirin .","{'Drug': ['coumadin', 'aspirin'], 'Duration': [], 'Dosage': [], 'Frequency': [], 'Strength': [], 'Form': [], 'Route': [], 'Reason': [], 'ADE': ['GI bleed', 'supratherapeutic INR']}","{'Drug': ['coumadin', 'aspirin'], 'Duration': [], 'Dosage': [], 'Frequency': [], 'Strength': [], 'Form': [], 'Route': [], 'Reason': [], 'ADE': ['supratherapeutic INR', 'GI bleed']}"
thiamine HCl 100 mg Tablet Sig : One ( 1 ) Tablet PO once a day .,"{'Drug': ['thiamine HCl'], 'Duration': [], 'Dosage': ['One ( 1 )'], 'Frequency': ['once a day'], 'Strength': ['100 mg'], 'Form': ['Tablet', 'Tablet'], 'Route': ['PO'], 'Reason': [], 'ADE': []}",
Milk of Magnesia 30 ml PO Q6H : PRN [ * * 11 - 10 * * ] 24 .,"{'Drug': ['Milk of Magnesia'], 'Duration': [], 'Dosage': ['30 ml'], 'Frequency': ['Q6H : PRN'], 'Strength': [], 'Form': [], 'Route': ['PO'], 'Reason': [], 'ADE': []}","{'Drug': ['Milk of Magnesia'], 'Duration': [], 'Dosage': ['30 ml'], 'Frequency': ['Q6H : PRN'], 'Strength': [], 'Form': ['Milk of Magnesia'], 'Route': ['PO'], 'Reason': [], 'ADE': []}"
Albuterol nebulizer twice per day .,"{'Drug': ['Albuterol'], 'Duration': [], 'Dosage': [], 'Frequency': ['twice per day'], 'Strength': [], 'Form': ['nebulizer'], 'Route': [], 'Reason': [], 'ADE': []}","{'Drug': ['Albuterol'], 'Duration': [], 'Dosage': ['twice per day'], 'Frequency': ['twice per day'], 'Strength': [], 'Form': ['nebulizer'], 'Route': ['nebulizer'], 'Reason': [], 'ADE': []}"
Montelukast 10 mg Tablet Sig : One ( 1 ) Tablet PO DAILY ( Daily ) .,"{'Drug': ['Montelukast'], 'Duration': [], 'Dosage': ['One ( 1 )'], 'Frequency': ['DAILY'], 'Strength': ['10 mg'], 'Form': ['Tablet', 'Tablet'], 'Route': ['PO'], 'Reason': [], 'ADE': []}",
"In ED , he was placed on continuous nebs and given prednisone 40 mg , then admitted to the [ * * Hospital Unit Name 153 * * ] for ongoing care .","{'Drug': ['nebs', 'prednisone'], 'Duration': [], 'Dosage': [], 'Frequency': [], 'Strength': ['40 mg'], 'Form': [], 'Route': [], 'Reason': [], 'ADE': []}","{'Drug': ['prednisone'], 'Duration': [], 'Dosage': [], 'Frequency': [], 'Strength': ['40 mg'], 'Form': [], 'Route': ['continuous nebs'], 'Reason': [], 'ADE': []}"
Consider DDAVP and/or platelet transfusion for uremic platelets .,"{'Drug': ['DDAVP', 'platelet'], 'Duration': [], 'Dosage': [], 'Frequency': [], 'Strength': [], 'Form': ['transfusion'], 'Route': [], 'Reason': ['uremic platelets'], 'ADE': []}","{'Drug': ['DDAVP'], 'Duration': [], 'Dosage': [], 'Frequency': [], 'Strength': [], 'Form': [], 'Route': [], 'Reason': ['uremic platelets'], 'ADE': []}"
# Ulcerative Colitis : Remains in remission .,"{'Drug': [], 'Duration': [], 'Dosage': [], 'Frequency': [], 'Strength': [], 'Form': [], 'Route': [], 'Reason': ['Ulcerative Colitis'], 'ADE': []}","{'Drug': [], 'Duration': [], 'Dosage': [], 'Frequency': [], 'Strength': [], 'Form': [], 'Route': [], 'Reason': [], 'ADE': []}"
"MEDICATIONS ON ADMISSION : Combivent , Flovent , Lipitor , Aspirin , Prednisone 40 on a taper , Metoprolol 25 b.i.d .","{'Drug': ['Combivent', 'Flovent', 'Lipitor', 'Aspirin', 'Prednisone', 'Metoprolol'], 'Duration': [], 'Dosage': ['taper'], 'Frequency': ['b.i.d'], 'Strength': ['40', '25'], 'Form': [], 'Route': [], 'Reason': [], 'ADE': []}",
"He received vecuronium and was started on an epi gtt for asthma and a cooling protocol , and was then transferred to [ * * Hospital1 18 * * ] for further evaluation .","{'Drug': ['vecuronium', 'epi'], 'Duration': [], 'Dosage': [], 'Frequency': [], 'Strength': [], 'Form': [], 'Route': ['gtt'], 'Reason': ['asthma'], 'ADE': []}",
"Although Glipizide still has some interaction with voriconazole , it has less interaction that Glyburide .","{'Drug': ['Glipizide', 'voriconazole', 'Glyburide'], 'Duration': [], 'Dosage': [], 'Frequency': [], 'Strength': [], 'Form': [], 'Route': [], 'Reason': [], 'ADE': []}","{'Drug': ['Glipizide', 'Glyburide'], 'Duration': [], 'Dosage': [], 'Frequency': [], 'Strength': [], 'Form': [], 'Route': [], 'Reason': [], 'ADE': []}"
Medications on Admission : advair diskus 100 - 50 1 puff twice daily omega 3 and omega6 fish oil 600mg twice daily loratadine 10mg daily prilosec 20mg every other day rhinocort aqua 2 sprays both nostrils as needed niacin 1000mg twice daily lisinopril 20mg twice daily plavix 75 mg daily metformin 500mg twice daily - stopped [ * * 4 - 20 * * ] d/t elevated creat zetia 10mg daily metoprolol tartrate 75 mg twice daily pravachol 20mg daily fenofibrate micronized 200mg daily,"{'Drug': ['advair', 'omega 3 and omega6 fish oil', 'loratadine', 'prilosec', 'rhinocort aqua', 'niacin', 'lisinopril', 'plavix', 'metformin', 'zetia', 'metoprolol tartrate', 'pravachol', 'fenofibrate'], 'Duration': [], 'Dosage': ['1', '2'], 'Frequency': ['twice daily', 'twice daily', 'daily', 'every other day', 'as needed', 'twice', 'daily', 'twice', 'daily', 'daily', 'twice daily', 'daily', 'twice daily', 'daily', 'daily'], 'Strength': ['100 - 50', '600mg', '10mg', '20mg', '1000mg', '20mg', '75 mg', '500mg', '10mg', '75 mg', '20mg', '200mg'], 'Form': ['diskus', 'puff', 'sprays', 'micronized'], 'Route': ['both nostrils'], 'Reason': [], 'ADE': []}",
"She remained hemodynamically stable throughout her stay in the CCU , without need for pressors , and her HCT also remained stable following the 3 units of PRBCs .","{'Drug': ['pressors', 'PRBCs'], 'Duration': [], 'Dosage': ['3'], 'Frequency': [], 'Strength': [], 'Form': ['units'], 'Route': [], 'Reason': [], 'ADE': []}","{'Drug': [], 'Duration': [], 'Dosage': [], 'Frequency': [], 'Strength': [], 'Form': [], 'Route': [], 'Reason': [], 'ADE': []}"
Zinc Sulfate 220 mg PO DAILY [ * * 11 - 19 * * ] 12 .,"{'Drug': ['Zinc Sulfate'], 'Duration': [], 'Dosage': [], 'Frequency': [], 'Strength': ['220 mg'], 'Form': [], 'Route': ['PO'], 'Reason': [], 'ADE': []}","{'Drug': ['Zinc Sulfate'], 'Duration': ['DAILY'], 'Dosage': [], 'Frequency': ['DAILY'], 'Strength': ['220 mg'], 'Form': [], 'Route': ['PO'], 'Reason': [], 'ADE': []}"
She was treated with IV antibiotics and discharged with a PICC line and continued ertapenem .,"{'Drug': ['antibiotics', 'ertapenem'], 'Duration': [], 'Dosage': [], 'Frequency': [], 'Strength': [], 'Form': [], 'Route': ['IV'], 'Reason': [], 'ADE': []}","{'Drug': ['ertapenem'], 'Duration': [], 'Dosage': [], 'Frequency': [], 'Strength': [], 'Form': ['PICC line'], 'Route': ['IV'], 'Reason': [], 'ADE': []}"
The patient was administered Lasix ( 40 mg X 1 ) in the ED with subsequent improvement of respiratory function .,"{'Drug': ['Lasix'], 'Duration': [], 'Dosage': ['1'], 'Frequency': [], 'Strength': ['40 mg'], 'Form': [], 'Route': [], 'Reason': [], 'ADE': []}","{'Drug': ['Lasix'], 'Duration': [], 'Dosage': ['1'], 'Frequency': [], 'Strength': ['40 mg'], 'Form': [], 'Route': [], 'Reason': [], 'ADE': []}"
4 ) CAD / HTN : His anti - hypertensives were initially held due to his hypotension .,"{'Drug': [], 'Duration': [], 'Dosage': [], 'Frequency': [], 'Strength': [], 'Form': [], 'Route': [], 'Reason': ['CAD', 'HTN'], 'ADE': []}","{'Drug': [], 'Duration': [], 'Dosage': [], 'Frequency': [], 'Strength': [], 'Form': [], 'Route': [], 'Reason': [], 'ADE': []}"
She may have spit out her lactulose dose last night .,"{'Drug': ['lactulose'], 'Duration': [], 'Dosage': [], 'Frequency': [], 'Strength': [], 'Form': [], 'Route': [], 'Reason': [], 'ADE': []}","{'Drug': ['lactulose'], 'Duration': [], 'Dosage': [], 'Frequency': [], 'Strength': [], 'Form': [], 'Route': [], 'Reason': [], 'ADE': []}"
butalbital - acetaminophen - caff 50 - 325 - 40 mg Tablet Sig : [ * * 12 - 12 * * ] Tablets PO Q4H ( every 4 hours ) as needed for pain .,"{'Drug': ['butalbital - acetaminophen - caff'], 'Duration': [], 'Dosage': [], 'Frequency': ['Q4H ( every 4 hours ) as needed'], 'Strength': ['50 - 325 - 40 mg'], 'Form': ['Tablet', 'Tablets'], 'Route': ['PO'], 'Reason': ['pain'], 'ADE': []}",
diphenhydramine HCl 50 mg/mL Sig : 1mL Injection : Give 30 minutes prior to cetuximab .,"{'Drug': ['diphenhydramine HCl', 'cetuximab'], 'Duration': [], 'Dosage': [], 'Frequency': [], 'Strength': ['50 mg/mL'], 'Form': ['Injection'], 'Route': [], 'Reason': [], 'ADE': []}",
Brief Hospital Course : 63 y/o female s/p liver transplant sent home on tube feeds who returns with electrolyte derangements and an elevated Prograf level .,"{'Drug': ['Prograf'], 'Duration': [], 'Dosage': [], 'Frequency': [], 'Strength': [], 'Form': [], 'Route': [], 'Reason': [], 'ADE': []}","{'Drug': ['Prograf'], 'Duration': [], 'Dosage': [], 'Frequency': [], 'Strength': [], 'Form': [], 'Route': [], 'Reason': [], 'ADE': ['electrolyte derangements']}"
"Transitional items for follow up 1.EKG monitoring for QTC 2.follow renal function and electrolytes given recent ARF/hypokalemia 3.f/u labs still pending at time of discharge quantiferon gold , renin/aldosterone , histoplasma antigen 4.consider colonoscopy 5.consider lymph node biopsy 6. lasix dose titration prn .","{'Drug': ['lasix'], 'Duration': [], 'Dosage': [], 'Frequency': ['prn'], 'Strength': [], 'Form': [], 'Route': [], 'Reason': [], 'ADE': []}","{'Drug': ['lasix'], 'Duration': [], 'Dosage': [], 'Frequency': ['prn'], 'Strength': [], 'Form': [], 'Route': [], 'Reason': ['ARF/hypokalemia'], 'ADE': []}"
Allergies : Morphine Sulfate / Codeine / Shellfish Derived / Vancomycin / Zosyn / lisinopril,"{'Drug': ['Morphine Sulfate', 'Codeine', 'Vancomycin', 'Zosyn', 'lisinopril'], 'Duration': [], 'Dosage': [], 'Frequency': [], 'Strength': [], 'Form': [], 'Route': [], 'Reason': [], 'ADE': []}","{'Drug': ['Morphine Sulfate', 'Codeine', 'Vancomycin', 'Zosyn', 'lisinopril'], 'Duration': [], 'Dosage': [], 'Frequency': [], 'Strength': [], 'Form': [], 'Route': [], 'Reason': [], 'ADE': []}"
"c/o fatigue , with reported fevers at home of 103.8 -- pt took tylenol .","{'Drug': ['tylenol'], 'Duration': [], 'Dosage': [], 'Frequency': [], 'Strength': [], 'Form': [], 'Route': [], 'Reason': ['fevers at home of 103.8'], 'ADE': []}","{'Drug': ['tylenol'], 'Duration': [], 'Dosage': [], 'Frequency': [], 'Strength': [], 'Form': [], 'Route': [], 'Reason': ['fevers'], 'ADE': []}"
"Calcium Carbonate 500 mg Tablet , Chewable Sig : One ( 1 ) Tablet , Chewable PO TID ( 3 times a day ) .","{'Drug': ['Calcium Carbonate'], 'Duration': [], 'Dosage': ['One ( 1 )'], 'Frequency': ['TID ( 3 times a day )'], 'Strength': ['500 mg'], 'Form': ['Tablet , Chewable', 'Tablet , Chewable'], 'Route': ['PO'], 'Reason': [], 'ADE': []}",
He should be treated for Coumadin for three months given his left upper extremity deep vein thrombosis .,"{'Drug': ['Coumadin'], 'Duration': ['for three months'], 'Dosage': [], 'Frequency': [], 'Strength': [], 'Form': [], 'Route': [], 'Reason': ['deep vein thrombosis'], 'ADE': []}","{'Drug': ['Coumadin'], 'Duration': ['three months'], 'Dosage': [], 'Frequency': [], 'Strength': [], 'Form': [], 'Route': [], 'Reason': ['left upper extremity deep vein thrombosis'], 'ADE': []}"
He was started on nystatin with instructions to complete an outpatient treatment course .,"{'Drug': ['nystatin'], 'Duration': [], 'Dosage': [], 'Frequency': [], 'Strength': [], 'Form': [], 'Route': [], 'Reason': [], 'ADE': []}","{'Drug': ['nystatin'], 'Duration': [], 'Dosage': [], 'Frequency': [], 'Strength': [], 'Form': [], 'Route': [], 'Reason': [], 'ADE': []}"
ADDENDUM TO HOSPITAL COURSE : It was felt that the patient's seizures were caused by the combination of Ritalin and thalidomide .,"{'Drug': ['Ritalin', 'thalidomide'], 'Duration': [], 'Dosage': [], 'Frequency': [], 'Strength': [], 'Form': [], 'Route': [], 'Reason': [], 'ADE': ['seizures']}","{'Drug': ['Ritalin', 'thalidomide'], 'Duration': [], 'Dosage': [], 'Frequency': [], 'Strength': [], 'Form': [], 'Route': [], 'Reason': ['seizures'], 'ADE': []}"
She was given 2u pRBC with stable blood counts and hemodynamics .,"{'Drug': ['pRBC'], 'Duration': [], 'Dosage': ['2u'], 'Frequency': [], 'Strength': [], 'Form': [], 'Route': [], 'Reason': [], 'ADE': []}","{'Drug': ['pRBC'], 'Duration': [], 'Dosage': ['2u'], 'Frequency': [], 'Strength': [], 'Form': ['pRBC'], 'Route': [], 'Reason': [], 'ADE': []}"
Hydralazine 50 mg Tablet Sig : One ( 1 ) Tablet PO TID ( 3 times a day ) .,"{'Drug': ['Hydralazine'], 'Duration': [], 'Dosage': ['One ( 1 )'], 'Frequency': ['TID ( 3 times a day )'], 'Strength': ['50 mg'], 'Form': ['Tablet', 'Tablet'], 'Route': ['PO'], 'Reason': [], 'ADE': []}",
"His Asthma was treated with standing and PRN albuterol and ipratriopium and a slow prednisone taper which he l completed on [ * * 2115 - 3 - 18 * * ] and he was restarted on Advair - patient may require additional nebs on top of his standing advair though his respiratory status has been very stable , without wheezing for the last week .","{'Drug': ['albuterol', 'ipratriopium', 'prednisone', 'Advair', 'advair'], 'Duration': ['standing', 'PRN', 'standing'], 'Dosage': ['taper'], 'Frequency': [], 'Strength': [], 'Form': [], 'Route': [], 'Reason': ['Asthma', 'wheezing'], 'ADE': []}",
"He was discharged on Dilt 240mg PO BID , Metoprolol 25mg PO BID .","{'Drug': ['Dilt', 'Metoprolol'], 'Duration': [], 'Dosage': [], 'Frequency': ['BID', 'BID'], 'Strength': ['240mg', '25mg'], 'Form': [], 'Route': ['PO', 'PO'], 'Reason': [], 'ADE': []}",
Risperidone 1 mg Tablet Sig : Three ( 3 ) Tablet PO HS ( at bedtime ) .,"{'Drug': ['Risperidone'], 'Duration': [], 'Dosage': ['Three ( 3 )'], 'Frequency': ['HS ( at bedtime )'], 'Strength': ['1 mg'], 'Form': ['Tablet', 'Tablet'], 'Route': ['PO'], 'Reason': [], 'ADE': []}",
"Was diagnosed with PE on last admission by CTA on [ * * 12 - 10 * * ] ( ""Isolated subsegmental pulmonary embolism in the right lower lobe of uncertain clinical significance"" ) .","{'Drug': [], 'Duration': [], 'Dosage': [], 'Frequency': [], 'Strength': [], 'Form': [], 'Route': [], 'Reason': ['pulmonary embolism in the right lower lobe'], 'ADE': []}","{'Drug': [], 'Duration': [], 'Dosage': [], 'Frequency': [], 'Strength': [], 'Form': [], 'Route': [], 'Reason': [], 'ADE': []}"
She received 2units pRBCs and her hct came up to 30 .,"{'Drug': ['pRBCs'], 'Duration': [], 'Dosage': [], 'Frequency': [], 'Strength': ['2units'], 'Form': [], 'Route': [], 'Reason': [], 'ADE': []}","{'Drug': [], 'Duration': [], 'Dosage': [], 'Frequency': [], 'Strength': [], 'Form': [], 'Route': [], 'Reason': [], 'ADE': []}"
Acetaminophen 325 mg Tablet Sig : Two ( 2 ) Tablet PO Q6H ( every 6 hours ) as needed for pain .,"{'Drug': ['Acetaminophen'], 'Duration': [], 'Dosage': ['Two ( 2 )'], 'Frequency': ['Q6H ( every 6 hours ) as needed'], 'Strength': ['325 mg'], 'Form': ['Tablet', 'Tablet'], 'Route': ['PO'], 'Reason': ['pain'], 'ADE': []}",
"Presented on daily lovenox , which was held before surgery .","{'Drug': ['lovenox'], 'Duration': [], 'Dosage': [], 'Frequency': ['daily'], 'Strength': [], 'Form': [], 'Route': [], 'Reason': [], 'ADE': []}","{'Drug': ['lovenox'], 'Duration': [], 'Dosage': [], 'Frequency': ['daily'], 'Strength': [], 'Form': [], 'Route': [], 'Reason': [], 'ADE': []}"
"nausea / vomiting , Proscar 5 mg daily , Flagyl 500 mg p.o .","{'Drug': ['Proscar', 'Flagyl'], 'Duration': [], 'Dosage': [], 'Frequency': ['daily'], 'Strength': ['5 mg', '500 mg'], 'Form': [], 'Route': ['p.o'], 'Reason': ['nausea', 'vomiting'], 'ADE': []}",
Patient was also continued on home dose of metoprolol .,"{'Drug': ['metoprolol'], 'Duration': [], 'Dosage': [], 'Frequency': [], 'Strength': [], 'Form': [], 'Route': [], 'Reason': [], 'ADE': []}","{'Drug': ['metoprolol'], 'Duration': [], 'Dosage': [], 'Frequency': [], 'Strength': [], 'Form': [], 'Route': [], 'Reason': [], 'ADE': []}"
"While in house , hydralazine 10mg po TID was added to pt's regimen , and metoprolol was further increased to 200mg po BID for management of SVT .","{'Drug': ['hydralazine', 'metoprolol'], 'Duration': [], 'Dosage': [], 'Frequency': ['TID', 'BID'], 'Strength': ['10mg', '200mg'], 'Form': [], 'Route': ['po', 'po'], 'Reason': [], 'ADE': []}",
He was started on intermittent Lasix boluses [ * * 2196 - 2 - 1 * * ] which resulted in large diuresis and he was able to be weaned to nasal cannula .,"{'Drug': ['Lasix'], 'Duration': [], 'Dosage': ['boluses'], 'Frequency': [], 'Strength': [], 'Form': [], 'Route': [], 'Reason': ['diuresis'], 'ADE': []}",
A repeat CXR PA and Lateral was obtained which was not impressive for an infiltrate - the patient remained asymptomatic and afebrile so the abx were discontinued at 24 hrs .,"{'Drug': ['abx'], 'Duration': [], 'Dosage': [], 'Frequency': [], 'Strength': [], 'Form': [], 'Route': [], 'Reason': [], 'ADE': []}","{'Drug': ['abx', 'abx'], 'Duration': ['24 hrs'], 'Dosage': [], 'Frequency': [], 'Strength': [], 'Form': [], 'Route': [], 'Reason': [], 'ADE': []}"
We started you on a two week course of antibiotics .,"{'Drug': ['antibiotics'], 'Duration': ['two week'], 'Dosage': [], 'Frequency': [], 'Strength': [], 'Form': [], 'Route': [], 'Reason': [], 'ADE': []}","{'Drug': ['antibiotics'], 'Duration': ['two week'], 'Dosage': [], 'Frequency': [], 'Strength': [], 'Form': [], 'Route': [], 'Reason': [], 'ADE': []}"
He was started on nimodipine and HOB was kept > 30 degrees .,"{'Drug': ['nimodipine'], 'Duration': [], 'Dosage': [], 'Frequency': [], 'Strength': [], 'Form': [], 'Route': [], 'Reason': [], 'ADE': []}","{'Drug': ['nimodipine'], 'Duration': [], 'Dosage': [], 'Frequency': [], 'Strength': [], 'Form': [], 'Route': [], 'Reason': [], 'ADE': []}"
"He was discharged on [ * * 2193 - 8 - 4 * * ] and will complete a 7 day course of both azithromycin and cefpodoxime , to be completed on [ * * 2193 - 8 - 6 * * ] .","{'Drug': ['azithromycin', 'cefpodoxime'], 'Duration': ['7 day'], 'Dosage': [], 'Frequency': [], 'Strength': [], 'Form': [], 'Route': [], 'Reason': [], 'ADE': []}","{'Drug': ['azithromycin', 'cefpodoxime'], 'Duration': ['7 day'], 'Dosage': [], 'Frequency': [], 'Strength': [], 'Form': [], 'Route': [], 'Reason': [], 'ADE': []}"
The dose of Ativan was reduced and Haldol was added to the regimen .,"{'Drug': ['Ativan', 'Haldol'], 'Duration': [], 'Dosage': [], 'Frequency': [], 'Strength': [], 'Form': [], 'Route': [], 'Reason': [], 'ADE': []}","{'Drug': ['Ativan', 'Haldol'], 'Duration': [], 'Dosage': [], 'Frequency': [], 'Strength': [], 'Form': [], 'Route': [], 'Reason': [], 'ADE': []}"
Blood pressures remained stable while patient was off her anti - hypertensives .,"{'Drug': ['anti - hypertensives'], 'Duration': [], 'Dosage': [], 'Frequency': [], 'Strength': [], 'Form': [], 'Route': [], 'Reason': [], 'ADE': []}","{'Drug': [], 'Duration': [], 'Dosage': [], 'Frequency': [], 'Strength': [], 'Form': [], 'Route': [], 'Reason': [], 'ADE': []}"
"Pt was discharged to rehab on tobramycin with plan to complete a 14 day course , that will be complete on [ * * 2125 - 11 - 4 * * ] .","{'Drug': ['tobramycin'], 'Duration': ['14 day'], 'Dosage': [], 'Frequency': [], 'Strength': [], 'Form': [], 'Route': [], 'Reason': [], 'ADE': []}","{'Drug': ['tobramycin'], 'Duration': ['14 day'], 'Dosage': [], 'Frequency': [], 'Strength': [], 'Form': [], 'Route': [], 'Reason': [], 'ADE': []}"
You will go home on a continuous infusion of dobutamine .,"{'Drug': ['dobutamine'], 'Duration': [], 'Dosage': [], 'Frequency': [], 'Strength': [], 'Form': ['infusion'], 'Route': [], 'Reason': [], 'ADE': []}","{'Drug': ['dobutamine'], 'Duration': [], 'Dosage': [], 'Frequency': [], 'Strength': [], 'Form': [], 'Route': [], 'Reason': [], 'ADE': []}"
"Pantoprazole 40 mg Tablet , Delayed Release ( E.C. ) Sig : One ( 1 ) Tablet , Delayed Release ( E.C. ) PO Q24H ( every 24 hours ) .","{'Drug': ['Pantoprazole'], 'Duration': [], 'Dosage': ['One ( 1 )'], 'Frequency': ['Q24H ( every 24 hours )'], 'Strength': ['40 mg'], 'Form': ['Tablet , Delayed Release ( E.C. )', 'Tablet , Delayed Release ( E.C. )'], 'Route': ['PO'], 'Reason': [], 'ADE': []}",
Pravastatin 80 mg PO DAILY 5 .,"{'Drug': ['Pravastatin'], 'Duration': [], 'Dosage': [], 'Frequency': ['DAILY'], 'Strength': ['80 mg'], 'Form': [], 'Route': ['PO'], 'Reason': [], 'ADE': []}","{'Drug': ['Pravastatin'], 'Duration': [], 'Dosage': [], 'Frequency': ['DAILY'], 'Strength': ['80 mg'], 'Form': [], 'Route': ['PO'], 'Reason': [], 'ADE': []}"
Insulin Continue insulin sliding scale .,"{'Drug': ['Insulin', 'insulin'], 'Duration': [], 'Dosage': ['sliding scale'], 'Frequency': [], 'Strength': [], 'Form': [], 'Route': [], 'Reason': [], 'ADE': []}","{'Drug': ['insulin'], 'Duration': [], 'Dosage': [], 'Frequency': ['sliding scale'], 'Strength': [], 'Form': [], 'Route': [], 'Reason': [], 'ADE': []}"
"Heparin ( Porcine ) 5 , 000 unit /mL Solution Sig : One ( 1 ) Injection TID ( 3 times a day ) .","{'Drug': ['Heparin ( Porcine )'], 'Duration': [], 'Dosage': ['One ( 1 )'], 'Frequency': ['TID ( 3 times a day )'], 'Strength': ['5 , 000 unit /mL'], 'Form': ['Solution', 'Injection'], 'Route': [], 'Reason': [], 'ADE': []}",
Insulin sliding scale as follows : Fingersticks 80 - 100 covered with 4 units ; fingersticks 101 - 150 with 6 units ; fingersticks 151 - 200 with 8 units ; fingersticks 201 - 250 to be covered with 10 units ; fingersticks 251 - 300 with 12 units ; fingersticks 301 - 350 with 14 units ; fingersticks 351 to 400 with 16 units ; fingersticks greater than 400 with 18 units of regular insulin .,"{'Drug': ['Insulin', 'regular insulin'], 'Duration': [], 'Dosage': ['sliding scale', '4 units', '6 units', '8 units', '10 units', '12 units', '14 units', '16 units', '18 units'], 'Frequency': [], 'Strength': [], 'Form': [], 'Route': [], 'Reason': [], 'ADE': []}",
"Coumadin 4 mg M/W/F , 5 mg S/[ * * Doctor First Name * * ]/Tues 3 .","{'Drug': ['Coumadin'], 'Duration': [], 'Dosage': [], 'Frequency': ['M/W/F', 'S/[ * * Doctor First Name * * ]/Tues'], 'Strength': ['4 mg', '5 mg'], 'Form': [], 'Route': [], 'Reason': [], 'ADE': []}","{'Drug': ['Coumadin'], 'Duration': [], 'Dosage': [], 'Frequency': ['M/W/F', 'S/Tues'], 'Strength': ['4 mg', '5 mg'], 'Form': [], 'Route': [], 'Reason': [], 'ADE': []}"
# AFib : Rate well controlled with metoprolol .,"{'Drug': ['metoprolol'], 'Duration': [], 'Dosage': [], 'Frequency': [], 'Strength': [], 'Form': [], 'Route': [], 'Reason': ['AFib'], 'ADE': []}","{'Drug': ['metoprolol'], 'Duration': [], 'Dosage': [], 'Frequency': [], 'Strength': [], 'Form': [], 'Route': [], 'Reason': ['AFib'], 'ADE': []}"
- Atrial Fibrillation - He developed rapid afib on [ * * 2166 - 4 - 29 * * ] .,"{'Drug': [], 'Duration': [], 'Dosage': [], 'Frequency': [], 'Strength': [], 'Form': [], 'Route': [], 'Reason': ['Atrial Fibrillation'], 'ADE': []}","{'Drug': [], 'Duration': [], 'Dosage': [], 'Frequency': [], 'Strength': [], 'Form': [], 'Route': [], 'Reason': [], 'ADE': []}"
She developed a Klebsiella uti which was treated with Cipro and Flagyl for the wound x 4 days .,"{'Drug': ['Cipro', 'Flagyl'], 'Duration': ['4 days'], 'Dosage': [], 'Frequency': [], 'Strength': [], 'Form': [], 'Route': [], 'Reason': ['Klebsiella uti', 'wound'], 'ADE': []}","{'Drug': ['Cipro', 'Flagyl'], 'Duration': ['x 4 days'], 'Dosage': [], 'Frequency': [], 'Strength': [], 'Form': [], 'Route': ['wound'], 'Reason': ['Klebsiella uti'], 'ADE': []}"
Ascorbic Acid 500 mg daily 4 .,"{'Drug': ['Ascorbic Acid'], 'Duration': [], 'Dosage': [], 'Frequency': ['daily'], 'Strength': ['500 mg'], 'Form': [], 'Route': [], 'Reason': [], 'ADE': []}","{'Drug': ['Ascorbic Acid'], 'Duration': [], 'Dosage': ['daily'], 'Frequency': ['daily'], 'Strength': ['500 mg'], 'Form': [], 'Route': [], 'Reason': [], 'ADE': []}"
Her home synthroid was continued during hospitalization and cytomel will be restarted upon discharge .,"{'Drug': ['synthroid', 'cytomel'], 'Duration': [], 'Dosage': [], 'Frequency': [], 'Strength': [], 'Form': [], 'Route': [], 'Reason': [], 'ADE': []}","{'Drug': ['synthroid', 'cytomel'], 'Duration': [], 'Dosage': [], 'Frequency': [], 'Strength': [], 'Form': [], 'Route': [], 'Reason': [], 'ADE': []}"
# Rash / peripheral eosinophilia : Rash on both arms started prior to admission .,"{'Drug': [], 'Duration': [], 'Dosage': [], 'Frequency': [], 'Strength': [], 'Form': [], 'Route': [], 'Reason': [], 'ADE': ['Rash', 'peripheral eosinophilia', 'Rash']}","{'Drug': [], 'Duration': [], 'Dosage': [], 'Frequency': [], 'Strength': [], 'Form': [], 'Route': [], 'Reason': [], 'ADE': []}"
"The back pain was unchanged from his usual back pain , secondary to his ALL , and was not relieved by morphine or methadone .","{'Drug': ['morphine', 'methadone'], 'Duration': [], 'Dosage': [], 'Frequency': [], 'Strength': [], 'Form': [], 'Route': [], 'Reason': ['back pain', 'back pain'], 'ADE': []}","{'Drug': ['morphine', 'methadone'], 'Duration': [], 'Dosage': [], 'Frequency': [], 'Strength': [], 'Form': [], 'Route': [], 'Reason': ['back pain'], 'ADE': []}"
Docusate Sodium 100 mg PO BID 7 .,"{'Drug': ['Docusate Sodium'], 'Duration': [], 'Dosage': [], 'Frequency': ['BID'], 'Strength': ['100 mg'], 'Form': [], 'Route': ['PO'], 'Reason': [], 'ADE': []}","{'Drug': ['Docusate Sodium'], 'Duration': [], 'Dosage': [], 'Frequency': ['BID'], 'Strength': ['100 mg'], 'Form': [], 'Route': ['PO'], 'Reason': [], 'ADE': []}"
Attending : [ * * First Name3 ( LF ) 594 * * ] Chief Complaint : Lithium Toxicity,"{'Drug': ['Lithium'], 'Duration': [], 'Dosage': [], 'Frequency': [], 'Strength': [], 'Form': [], 'Route': [], 'Reason': [], 'ADE': ['Toxicity']}","{'Drug': ['Lithium'], 'Duration': [], 'Dosage': [], 'Frequency': [], 'Strength': [], 'Form': [], 'Route': [], 'Reason': [], 'ADE': ['Toxicity']}"
Hytrin 9 .,"{'Drug': ['Hytrin'], 'Duration': [], 'Dosage': [], 'Frequency': [], 'Strength': [], 'Form': [], 'Route': [], 'Reason': [], 'ADE': []}","{'Drug': ['Hytrin'], 'Duration': [], 'Dosage': [], 'Frequency': [], 'Strength': [], 'Form': [], 'Route': [], 'Reason': [], 'ADE': []}"
Aspirin 325 mg PO DAILY 8 .,"{'Drug': ['Aspirin'], 'Duration': [], 'Dosage': [], 'Frequency': ['DAILY'], 'Strength': ['325 mg'], 'Form': [], 'Route': ['PO'], 'Reason': [], 'ADE': []}","{'Drug': ['Aspirin'], 'Duration': [], 'Dosage': [], 'Frequency': ['DAILY 8'], 'Strength': ['325 mg'], 'Form': [], 'Route': ['PO'], 'Reason': [], 'ADE': []}"
"Her CP resolved after morphine and nitro x 2 , however she became hypotensive to 80's 30 minutes following nitroglycerin .","{'Drug': ['morphine', 'nitro', 'nitroglycerin'], 'Duration': [], 'Dosage': ['2'], 'Frequency': [], 'Strength': [], 'Form': [], 'Route': [], 'Reason': ['CP', ""hypotensive to 80's""], 'ADE': []}","{'Drug': ['morphine', 'nitro', 'nitroglycerin'], 'Duration': [], 'Dosage': [], 'Frequency': [], 'Strength': [], 'Form': [], 'Route': [], 'Reason': ['CP'], 'ADE': ['hypotensive']}"
CURRENT MEDICATIONS : - Hctz ?dose ( [ * * 1 - 14 * * ] pill ) - Simvastatin ?dose ( [ * * 1 - 14 * * ] pill ),"{'Drug': ['Hctz', 'Simvastatin'], 'Duration': [], 'Dosage': [], 'Frequency': [], 'Strength': [], 'Form': ['pill', 'pill'], 'Route': [], 'Reason': [], 'ADE': []}",
Proph - SC heparin ; PPI ; bowel regimen .,"{'Drug': ['heparin', 'PPI', 'bowel regimen'], 'Duration': [], 'Dosage': [], 'Frequency': [], 'Strength': [], 'Form': [], 'Route': ['SC'], 'Reason': ['Proph'], 'ADE': []}","{'Drug': ['heparin', 'PPI', 'bowel regimen'], 'Duration': [], 'Dosage': [], 'Frequency': [], 'Strength': [], 'Form': [], 'Route': ['Proph - SC'], 'Reason': [], 'ADE': []}"
Zolpidem 5 mg Tablet Sig : One ( 1 ) Tablet PO HS ( at bedtime ) as needed .,"{'Drug': ['Zolpidem'], 'Duration': [], 'Dosage': ['One ( 1 )'], 'Frequency': ['HS ( at bedtime ) as needed'], 'Strength': ['5 mg'], 'Form': ['Tablet', 'Tablet'], 'Route': ['PO'], 'Reason': [], 'ADE': []}",
"Heparin ( Porcine ) 5 , 000 unit/mL Solution Sig : One ( 1 ) 5000 Injection [ * * Hospital1 * * ] ( 2 times a day ) .","{'Drug': ['Heparin ( Porcine )'], 'Duration': [], 'Dosage': ['One ( 1 ) 5000'], 'Frequency': ['( 2 times a day )'], 'Strength': ['5 , 000 unit/mL'], 'Form': ['Solution', 'Injection'], 'Route': [], 'Reason': [], 'ADE': []}",
He did have an anion gap with closed quickly with IVFs and insulin gtt .,"{'Drug': ['IVFs', 'insulin'], 'Duration': [], 'Dosage': [], 'Frequency': [], 'Strength': [], 'Form': [], 'Route': ['gtt'], 'Reason': [], 'ADE': []}",
Sevelamer HCl 400 mg Tablet Sig : Two ( 2 ) Tablet PO TID W/MEALS ( 3 TIMES A DAY WITH MEALS ) .,"{'Drug': ['Sevelamer HCl'], 'Duration': [], 'Dosage': ['Two ( 2 )'], 'Frequency': ['TID W/MEALS ( 3 TIMES A DAY WITH MEALS )'], 'Strength': ['400 mg'], 'Form': ['Tablet', 'Tablet'], 'Route': ['PO'], 'Reason': [], 'ADE': []}",
"At [ * * Hospital1 18 * * ] ED , he received Profilinine ( activated factor IX ) and received 2 units FFP later for INR 2.3 .","{'Drug': ['Profilinine ( activated factor IX )', 'FFP'], 'Duration': [], 'Dosage': ['2 units'], 'Frequency': [], 'Strength': [], 'Form': [], 'Route': [], 'Reason': ['INR 2.3'], 'ADE': []}","{'Drug': ['Profilinine ( activated factor IX )', 'FFP'], 'Duration': [], 'Dosage': ['2 units'], 'Frequency': [], 'Strength': [], 'Form': ['units'], 'Route': [], 'Reason': [], 'ADE': []}"
Allergies : Morphine / Dilaudid,"{'Drug': ['Morphine', 'Dilaudid'], 'Duration': [], 'Dosage': [], 'Frequency': [], 'Strength': [], 'Form': [], 'Route': [], 'Reason': [], 'ADE': []}","{'Drug': ['Morphine', 'Dilaudid'], 'Duration': [], 'Dosage': [], 'Frequency': [], 'Strength': [], 'Form': [], 'Route': [], 'Reason': [], 'ADE': []}"
"Vitals at time of signout T 96.5 , AF 100 - 117 , BP 80/45 , RR 16 , O2 97 % on 2L .","{'Drug': ['O2'], 'Duration': [], 'Dosage': [], 'Frequency': [], 'Strength': [], 'Form': [], 'Route': [], 'Reason': [], 'ADE': []}","{'Drug': [], 'Duration': [], 'Dosage': [], 'Frequency': [], 'Strength': [], 'Form': [], 'Route': [], 'Reason': [], 'ADE': []}"
Allergies : Vicodin,"{'Drug': ['Vicodin'], 'Duration': [], 'Dosage': [], 'Frequency': [], 'Strength': [], 'Form': [], 'Route': [], 'Reason': [], 'ADE': []}","{'Drug': ['Vicodin'], 'Duration': [], 'Dosage': [], 'Frequency': [], 'Strength': [], 'Form': [], 'Route': [], 'Reason': [], 'ADE': []}"
Blood pressure medications changes - start metoprolol and spironolactone .,"{'Drug': ['metoprolol', 'spironolactone'], 'Duration': [], 'Dosage': [], 'Frequency': [], 'Strength': [], 'Form': [], 'Route': [], 'Reason': ['Blood pressure'], 'ADE': []}","{'Drug': ['metoprolol', 'spironolactone'], 'Duration': [], 'Dosage': [], 'Frequency': [], 'Strength': [], 'Form': [], 'Route': [], 'Reason': [], 'ADE': []}"
", 15ml q4hrs vicadin 5 tabs 5/500 q4hrs lidoderm patch 5 % 1 daily PRN limb pain","{'Drug': ['vicadin', 'lidoderm'], 'Duration': [], 'Dosage': ['5', '1'], 'Frequency': ['q4hrs', 'q4hrs', 'daily PRN'], 'Strength': ['5/500', '5'], 'Form': ['tabs', 'patch'], 'Route': [], 'Reason': ['limb pain'], 'ADE': []}",
We gave you IV ( through your vein ) fluids and you kidney function returned to [ * * Location 213 * * ] .,"{'Drug': ['fluids'], 'Duration': [], 'Dosage': [], 'Frequency': [], 'Strength': [], 'Form': [], 'Route': ['IV'], 'Reason': [], 'ADE': []}","{'Drug': [], 'Duration': [], 'Dosage': [], 'Frequency': [], 'Strength': [], 'Form': [], 'Route': [], 'Reason': [], 'ADE': []}"
"day LACTULOSE - 10 gram/15 mL Solutio - 30mls four times a day LIDOCAINE - 5 % ( 700 mg/patch ) Adhesive Patch , Medicated - 1 patch daily wear 12 hours on then take off MIRTAZAPINE - 15 mg Tablet - 1 Tablet ( s ) by mouth at bedtime NADOLOL - 40 mg Tablet - 1 Tablet ( s ) by mouth daily NICOTINE - 14 mg/24 hour Patch 24hr - 1 patch daily PANTOPRAZOLE - 40 mg Tablet , Delayed Release ( E.C. ) - 1 tablet PO twice a day SPIRONOLACTONE [ ALDACTONE ] - 100 mg","{'Drug': ['LACTULOSE', 'LIDOCAINE', 'MIRTAZAPINE', 'NADOLOL', 'NICOTINE', 'PANTOPRAZOLE', 'SPIRONOLACTONE', 'ALDACTONE'], 'Duration': [], 'Dosage': ['30mls', '1', '1', '1', '1', '1'], 'Frequency': ['four times a day', 'daily wear 12 hours on then take off', 'at bedtime', 'daily', 'daily', 'twice a day'], 'Strength': ['10 gram/15 mL', '5 % ( 700 mg/patch )', '15 mg', '40 mg', '14 mg/24 hour', '40 mg', '100 mg'], 'Form': ['Solutio', 'Adhesive Patch , Medicated', 'patch', 'Tablet', 'Tablet ( s )', 'Tablet', 'Tablet ( s )', 'Patch 24hr', 'patch', 'Tablet , Delayed Release ( E.C. )', 'tablet'], 'Route': ['by mouth', 'by mouth', 'PO'], 'Reason': [], 'ADE': []}",
"Anemia : Hct 35.9 on [ * * 8 - 7 * * ].5 on [ * * 8 - 24 * * ] , Pt received 2U PRBC on [ * * 8 - 25 * * ] raising Hct up to 26.3 and stable thereafter .","{'Drug': ['PRBC'], 'Duration': [], 'Dosage': ['2U'], 'Frequency': [], 'Strength': [], 'Form': [], 'Route': [], 'Reason': ['Anemia'], 'ADE': []}","{'Drug': [], 'Duration': [], 'Dosage': [], 'Frequency': [], 'Strength': [], 'Form': [], 'Route': [], 'Reason': [], 'ADE': []}"
"She received an extra 200mg dilantin on [ * * 6 - 4 * * ] and her home dose was increased to 100mg QAM / 200 QPM 5x/wk rather than 4x/wk , with 100mg [ * * Hospital1 * * ] 2x/wk .","{'Drug': ['dilantin'], 'Duration': [], 'Dosage': [], 'Frequency': ['QAM', 'QPM', '5x/wk', '4x/wk', '2x/wk'], 'Strength': ['200mg', '100mg', '200', '100mg'], 'Form': [], 'Route': [], 'Reason': [], 'ADE': []}",
